,MagX,MagY,MagZ
0,-386.530303030303,-98.16666666666667,-60.833333333333336
1,-261.0,69.35820895522389,-117.31343283582089
2,-107.8030303030303,236.15151515151516,-133.45454545454547
