,MagX,MagY,MagZ
0,-640.6119402985074,-295.6119402985075,569.5671641791045
1,-253.4848484848485,70.95454545454545,-124.89393939393939
2,-89.0909090909091,274.07575757575756,-131.15151515151516
